{"cameraMode":{"drawMode":0,"name":"Shaded","section":"Shading Mode"},"sceneLighting":true,"audioPlay":false,"sceneViewState":{"showFog":true,"showMaterialUpdate":true,"showSkybox":true,"showFlares":true,"showImageEffects":true,"showParticleSystems":true},"in2DMode":false,"pivot":{"x":4.304450988769531,"y":3.849560260772705,"z":0.007904507219791413},"rotation":{"x":0.008688698522746563,"y":0.018594708293676378,"z":0.00016152455646079034,"w":-0.9997907876968384},"size":8.22228717803955,"orthographic":false}